epoch,steps,cosine_pearson,cosine_spearman
0.8333333333333334,5,nan,nan
1.6666666666666665,10,nan,nan
2.5,15,nan,nan
3.3333333333333335,20,nan,nan
